userid,userpw,username,regdate,updatedate,enabled
admin90,$2a$10$9Cq7hOyL0iSMszsCYC6mq.TfZ7WOSQFPtlsSCrRjHXi3g5vimTVxu,관리자90,"2021-12-01 16:49:14","2021-12-01 16:49:14",1
admin91,$2a$10$/JQr2DPLJb2IQXrtaRpp2u6D8nQuqdASCU0oAT8VswvBY/xNR1PN6,관리자91,"2021-12-01 16:49:15","2021-12-01 16:49:15",1
admin92,$2a$10$NXRXDyCrMCyqGou3ffkSYuGu/XXG9cEKw3lZfuJp2PaF1BPRac..6,관리자92,"2021-12-01 16:49:15","2021-12-01 16:49:15",1
admin93,$2a$10$KghbI6yvCumXLOE6CQ8Ob.b.ZiOPrNSDTM/my6ppzEnJPdtjeGAza,관리자93,"2021-12-01 16:49:15","2021-12-01 16:49:15",1
admin94,$2a$10$yK8t.2lrfDVlEOdidm9qUefn.6EmvqYHZbhr1BLw.4aGRmDjxiuE.,관리자94,"2021-12-01 16:49:15","2021-12-01 16:49:15",1
admin95,$2a$10$vynkFOk41Hgb7tnlpPEsFOE2ykcWyuTz9C0I3k2n1bidfeRAwk/zq,관리자95,"2021-12-01 16:49:15","2021-12-01 16:49:15",1
admin96,$2a$10$K3Q1P0M..CdF3erkpD.Se.vywDU8.9x7XskliQF02fXJ0kkLORbYK,관리자96,"2021-12-01 16:49:15","2021-12-01 16:49:15",1
admin97,$2a$10$qdQ1YZb.qF09pZ6WzGPvle7A6XYgNTnnGO0TCewHCk8Pce9oavLmK,관리자97,"2021-12-01 16:49:15","2021-12-01 16:49:15",1
admin98,$2a$10$KvajFjyQVsqpAxLvk.nWR.nlF5okAuc4JymbY1Y8wTXb1HTJD2XIi,관리자98,"2021-12-01 16:49:15","2021-12-01 16:49:15",1
admin99,$2a$10$oEn8I7e03weGPUPQlwxOCO8r1l9hddC7aaePLGR8votR0TbcXlH6W,관리자99,"2021-12-01 16:49:15","2021-12-01 16:49:15",1
manager80,$2a$10$zAAOmeZjxN61krwMlgsbNeqHLi7atVQqq9Xw/ZD9KDOWwuAxqTpZq,운영자80,"2021-12-01 16:49:14","2021-12-01 16:49:14",1
manager81,$2a$10$dmYE1EsqMp8FKjzxxnLnjuMGcEviZnxkTL4ONPihFytjg70Dd6.sW,운영자81,"2021-12-01 16:49:14","2021-12-01 16:49:14",1
manager82,$2a$10$BEKQv1jLJM2.JMEb6CEwpeqJfHW4n3PBULGGDgUvm6NcPSAd7oypm,운영자82,"2021-12-01 16:49:14","2021-12-01 16:49:14",1
manager83,$2a$10$H.p7FgzLh4vr8rysb0gssuz9zKfVjLmTD9.hVnfhiA11HBmS.m/TC,운영자83,"2021-12-01 16:49:14","2021-12-01 16:49:14",1
manager84,$2a$10$E6veqMCpQeX32D0YfaRCpO9LX9yMm2NA1zbpD.xWgC5zuuBYGA/PO,운영자84,"2021-12-01 16:49:14","2021-12-01 16:49:14",1
manager85,$2a$10$f4zyndkSyzqrdXM.Fw.0iO.73fxm.2pu1Yw962gWrFlrBqtgGUgrO,운영자85,"2021-12-01 16:49:14","2021-12-01 16:49:14",1
manager86,$2a$10$dAg2iXrb74nO0g/7.zYbGunEq9Eee8SYrmvjezhnVTr.2QJPW6BV2,운영자86,"2021-12-01 16:49:14","2021-12-01 16:49:14",1
manager87,$2a$10$iaGRg/606DsIpCyBg3oxLu2P8eChZjrdMc3bzpF75TnWcz6H0P0ne,운영자87,"2021-12-01 16:49:14","2021-12-01 16:49:14",1
manager88,$2a$10$9huBOCTsl8cFOAczpxlOv.RHRrK0s6BzmAFs3bRMJj2OeyXiZrn3i,운영자88,"2021-12-01 16:49:14","2021-12-01 16:49:14",1
manager89,$2a$10$Tqv62InTuLwyvlsaK8DTGOIRZDMJZoKGtAO//2.5U4B1R8ZVxgtNa,운영자89,"2021-12-01 16:49:14","2021-12-01 16:49:14",1
user0,$2a$10$YWptwAc7K5I4zviNThnlkeP.qFDeAEuOWUOkLriXgPgZzAqo/cRFW,member0,"2021-12-01 16:49:07","2021-12-01 16:49:07",1
user1,$2a$10$DK1npZe5Q9TF8Xv/y15Kzu.cJxQjp8aQE712ndmJMDnaJXRKs4CDq,member1,"2021-12-01 16:49:07","2021-12-01 16:49:07",1
user10,$2a$10$SvGe/XzHkSz7eVGTPuvZWO4CAI4p8COqgisBxmZnSUMH6Y0jDX9ve,member10,"2021-12-01 16:49:07","2021-12-01 16:49:07",1
user11,$2a$10$LoSBYilLaFfIFtbjUvNbWuD8y5ys/EWlSyeUA7pIM0sq/9n4B36kO,member11,"2021-12-01 16:49:08","2021-12-01 16:49:08",1
user12,$2a$10$IebT/m/mF4OfEvy657MYXuMPz2TPwcBHI0X2ECHJ92doqhZZIGhSC,member12,"2021-12-01 16:49:08","2021-12-01 16:49:08",1
user13,$2a$10$hhs7Kf0Q97P9IV5yr0qStePAqqs/rXPYjr7L1xHyLkc4bh3sRAzlq,member13,"2021-12-01 16:49:08","2021-12-01 16:49:08",1
user14,$2a$10$94fQppXBaajnM90HJAYtVeGnDuE.3F5qjw2cahGQvzuEL.duKDNFu,member14,"2021-12-01 16:49:08","2021-12-01 16:49:08",1
user15,$2a$10$B6F8gkjXQHfC59jCFYWRUOtd/3bmKc/QKRWMcxlle5KTvhPrE47XC,member15,"2021-12-01 16:49:08","2021-12-01 16:49:08",1
user16,$2a$10$HRC0fTIR7YHVsTrKjh7NOOJfGaeMBNQT4mR2hQiWeYQzQIvNxoCgW,member16,"2021-12-01 16:49:08","2021-12-01 16:49:08",1
user17,$2a$10$oSJGjSQbAVi0.qbeHrrINuJ8OzIupzqCFOP0qT14cqSHwKPgtppJq,member17,"2021-12-01 16:49:08","2021-12-01 16:49:08",1
user18,$2a$10$Ok/CZly589/D7x/0xZM.qOPHOXorel3VnCI5ax.wYKu4vePnKh9k.,member18,"2021-12-01 16:49:08","2021-12-01 16:49:08",1
user19,$2a$10$Ervte3B.g1ej8C3q5ON70O7zNHX4r7xASrUiPtAGkpZn6PKTpGhF2,member19,"2021-12-01 16:49:08","2021-12-01 16:49:08",1
user2,$2a$10$407gflfNXkst6MAk.CrJzeAnBniOHiyHNJkouXEEpayalS92zJxYi,member2,"2021-12-01 16:49:07","2021-12-01 16:49:07",1
user20,$2a$10$1UlAG6e3bKsQQ8X/b6Ey9ueVVgNjOXxSCaKA5a5afdVyJO1.s5Jx2,member20,"2021-12-01 16:49:08","2021-12-01 16:49:08",1
user21,$2a$10$WYsx.v6TbT/lC0DJ.9kqx.Lasx5LIcGdyQFnOpje9tH6c6UBZfxdK,member21,"2021-12-01 16:49:08","2021-12-01 16:49:08",1
user22,$2a$10$Gx2Ox4sUvOCkT8GK3a7kKuad42LXzeCsRE30vW.UgAMNaUO.5ntRy,member22,"2021-12-01 16:49:09","2021-12-01 16:49:09",1
user23,$2a$10$05UxJ0Hd0W6X5bQQqo83.OSFXdHcQPwT.oMdhwHfpUON5mc8YR1AG,member23,"2021-12-01 16:49:09","2021-12-01 16:49:09",1
user24,$2a$10$.XDQ6zZonEuAartHmd6ziu7l32WLkn6uSCqroplEzT3HDbvK4/deC,member24,"2021-12-01 16:49:09","2021-12-01 16:49:09",1
user25,$2a$10$aSql.W8RmWlJB.UFCWcMAOtoQ5LUUdATl0YQEuKHbvJ.0WqbYzN6G,member25,"2021-12-01 16:49:09","2021-12-01 16:49:09",1
user26,$2a$10$6upgWx4USH.thtSr84AIte7iSUiwl/c/TB/df1uFLENZrCCG37Z5u,member26,"2021-12-01 16:49:09","2021-12-01 16:49:09",1
user27,$2a$10$Pr.cpPx6ZOFTMHkMBAbj8e/O6.XIuyk2yc5MC2fkgGnI11fCG0Pzu,member27,"2021-12-01 16:49:09","2021-12-01 16:49:09",1
user28,$2a$10$qTkjzDd7r900YChbRxYiOubNrvNoWNlrbcxRm8JMLsiVwFYIhWn9q,member28,"2021-12-01 16:49:09","2021-12-01 16:49:09",1
user29,$2a$10$nrhmuACC3.MbOt1Ag6eck.Dt1LIZC8e8qsiK8tfWJFhDEFUOiKtBC,member29,"2021-12-01 16:49:09","2021-12-01 16:49:09",1
user3,$2a$10$fnujZ7F4d9V7ctQZ.OdWG.3t8ANTlcaxgLV90OUnyEqr0uMxQQ0k.,member3,"2021-12-01 16:49:07","2021-12-01 16:49:07",1
user30,$2a$10$vfek/lKRSHvA6znAwyy3qOConkwvor86qYOX23.49lbdXH3HoqQV2,member30,"2021-12-01 16:49:09","2021-12-01 16:49:09",1
user31,$2a$10$GwJ99TYTLx.HSGqULMAPaOFbvqdfLzg4qOZDJsWRt5/n7MCQr.s/i,member31,"2021-12-01 16:49:09","2021-12-01 16:49:09",1
user32,$2a$10$XXVNvB0WjdJmtuW0keAuye7wCtOUoUQ725ZhXR79YqKEyEBnRF2UW,member32,"2021-12-01 16:49:09","2021-12-01 16:49:09",1
user33,$2a$10$qiYOI02zEzYzViujigjkkuzReG1jTAouM1e93g.V9F3HfRDjuH5Hi,member33,"2021-12-01 16:49:09","2021-12-01 16:49:09",1
user34,$2a$10$EFYSPX4SW9I82JKhmlDIQe4hV0LeSyqrtaVkMNqcJxWgTq7B3CPdS,member34,"2021-12-01 16:49:10","2021-12-01 16:49:10",1
user35,$2a$10$iH1.JaTzk1xEntB0uZRxb.m1ESsDlbkVlCHNwDrz2D4.94EFVh7Py,member35,"2021-12-01 16:49:10","2021-12-01 16:49:10",1
user36,$2a$10$07cvpazlYG/Os8Ptg.69s.DW4zKnbwfveoSQiiXvw/W21eyjFX8gS,member36,"2021-12-01 16:49:10","2021-12-01 16:49:10",1
user37,$2a$10$gEWsdTrwsN1yBqJ4jmMlX.3hliT5E2HVmbyCBazO2tjOte6be5KIi,member37,"2021-12-01 16:49:10","2021-12-01 16:49:10",1
user38,$2a$10$wPVjW/ggWoMzYUO86peTW.UI4lz6w5qLaYfIlANQGsl9.sH7fQTb6,member38,"2021-12-01 16:49:10","2021-12-01 16:49:10",1
user39,$2a$10$1h6XRWYfT0ZV2OF0PDJ.yeEKtSwhsQniVFQX6JySpjLsI0zEDjccq,member39,"2021-12-01 16:49:10","2021-12-01 16:49:10",1
user4,$2a$10$kd/ta4Kze6gizFw77dTLgeR4KNfUFWwK42BJX4/w8/8GgmHUPDCJe,member4,"2021-12-01 16:49:07","2021-12-01 16:49:07",1
user40,$2a$10$mJ2.mz2NHNMnq4mQu0NP0eNdjM4mVFNaH55qPxroNNSItXwv2OE9K,member40,"2021-12-01 16:49:10","2021-12-01 16:49:10",1
user41,$2a$10$34NVyM4wRHVOmkxcEyE91O1fgznfJ4Cw69o1WDGf.ebuNjeNmxhGu,member41,"2021-12-01 16:49:10","2021-12-01 16:49:10",1
user42,$2a$10$3d23j6pp6MC6jnwJXPCofu8klfVLwXVcGqsN9WxKG4wQmY1krGita,member42,"2021-12-01 16:49:10","2021-12-01 16:49:10",1
user43,$2a$10$TSjTaUdGuLcAfO1ia3FcROnpM3VuqYsnCCEiP.5bSaMQNtatqxnxK,member43,"2021-12-01 16:49:10","2021-12-01 16:49:10",1
user44,$2a$10$.wLD6ikir6KoEpzZU.u1eOw1B12ftCgZAKl0lJJ3TKMQYplQcAc7m,member44,"2021-12-01 16:49:10","2021-12-01 16:49:10",1
user45,$2a$10$EL9Lpz0kt0vt/5oaBL4Q2ucV6T8KjUIcb.4HNSXDupIrdwy2mQPZS,member45,"2021-12-01 16:49:10","2021-12-01 16:49:10",1
user46,$2a$10$KhBCA.d0QYNXtxKZC0meVemRy.v322ppxT3LZ2Qau.lr15WFY8CLq,member46,"2021-12-01 16:49:11","2021-12-01 16:49:11",1
user47,$2a$10$EXZT9baSifv7HNFjTjy/me7DOQC4jXytQXn7X6aCrSu2jDh1fMQOq,member47,"2021-12-01 16:49:11","2021-12-01 16:49:11",1
user48,$2a$10$xZ/c7zKGAIFjM8YKuYu1d.pIGhay25G4tDOE.276LcFbFLO1iFW0m,member48,"2021-12-01 16:49:11","2021-12-01 16:49:11",1
user49,$2a$10$wKsIlrEW5DzZ0RK1cWHXv.r8xTvIUMdXpCahEsB8P4/VuL0vx/ZDa,member49,"2021-12-01 16:49:11","2021-12-01 16:49:11",1
user5,$2a$10$spl5UvG.OULk6jeBvfoycOA1VgIwmUlqZa5nYLU9AH/ytQEiDwQoS,member5,"2021-12-01 16:49:07","2021-12-01 16:49:07",1
user50,$2a$10$KpucRgTerfIW0.CWDSSZxuIdUDHMgWwLNjXuPE5XhmQfrpi8EE/wO,member50,"2021-12-01 16:49:11","2021-12-01 16:49:11",1
user51,$2a$10$339/FAFbqyFoemPfHCSJaO83lvPNrPNUWhS.P5dkkGz4iDG8YOnRC,member51,"2021-12-01 16:49:11","2021-12-01 16:49:11",1
user52,$2a$10$rX5Ez3C43uiT05OfuXfsvObhYSTDHOCQnMwGdePBs8DP9gnGq3Ilm,member52,"2021-12-01 16:49:11","2021-12-01 16:49:11",1
user53,$2a$10$a29CkGq0bwWW5Q/Q5P/BCOfdwsdnXfT81ISO6NoSifoyT/Ji5zbBa,member53,"2021-12-01 16:49:11","2021-12-01 16:49:11",1
user54,$2a$10$HX7UBwkND0jYrLvQemLaRuinO/tEHrY99sIi0ZwXQxymiU8dt31M6,member54,"2021-12-01 16:49:11","2021-12-01 16:49:11",1
user55,$2a$10$wEorp0S6QEDHex9vnui6W.pA1EiVokYNvEL2qmy2dooctAGBpBuZW,member55,"2021-12-01 16:49:11","2021-12-01 16:49:11",1
user56,$2a$10$aIjl0rJ8uvGtzdGWEOrai.K3wKLdMJV2TnF/fzmGfMmyunQyVpsvG,member56,"2021-12-01 16:49:11","2021-12-01 16:49:11",1
user57,$2a$10$5yBKCwLNwPJog7hqWpouO.8tE24Gb6yecY2l9IhbatD6UxqMOXORa,member57,"2021-12-01 16:49:12","2021-12-01 16:49:12",1
user58,$2a$10$d/1.uPevxf6lVLU4JcmkWuiovYNLGSxV36IzLEg7e76ZXMrzxovAC,member58,"2021-12-01 16:49:12","2021-12-01 16:49:12",1
user59,$2a$10$87ZxswNrCP36fvOhKybf7eNy6YydszgfR0Iv2YVJSrkynaWxQWBge,member59,"2021-12-01 16:49:12","2021-12-01 16:49:12",1
user6,$2a$10$POBYjBZCUl6tYluPHLDokO20jhPMWP7fKFpAI69tPgA2YlLrxOGMi,member6,"2021-12-01 16:49:07","2021-12-01 16:49:07",1
user60,$2a$10$d6cf43ZYX/oePXbIR/fI/O34aKMvOfMXMtzvjRRTtde6iqnYv6Epy,member60,"2021-12-01 16:49:12","2021-12-01 16:49:12",1
user61,$2a$10$wj2dn0LswvOeygmrA03EzOD9nSK0KeQ7UtBs04qp1wHo8iF0jde9q,member61,"2021-12-01 16:49:12","2021-12-01 16:49:12",1
user62,$2a$10$iv0iEFZP7CCysLPKc13gkOJ9E.PabGyCfGRW6wKSlRNe97c9LIvjW,member62,"2021-12-01 16:49:12","2021-12-01 16:49:12",1
user63,$2a$10$l6fzKIfhYhUvyoEWTFLf2OS0yV5fGTjY4v1XC03laJj6tf3vf7/T6,member63,"2021-12-01 16:49:12","2021-12-01 16:49:12",1
user64,$2a$10$AU.yaH9wEUbGRvA8NF/cy.Q5P.Lk4XhhlcdsgFbBVUbJsu.4hKdz6,member64,"2021-12-01 16:49:12","2021-12-01 16:49:12",1
user65,$2a$10$lDkMosppAGaKRETFKSz8ku1.PoSaxLmOFbKcxKzsQVUcmh1wKbToO,member65,"2021-12-01 16:49:12","2021-12-01 16:49:12",1
user66,$2a$10$0P/5Ap.TLINPKPr7jailHe.lMLZlE/fB6T851Drftrpnv4PZ2nXPO,member66,"2021-12-01 16:49:12","2021-12-01 16:49:12",1
user67,$2a$10$O4W/cZvsAM8DBWmqUFzRyOIRAz3rHmGsqSOw27iEPNwISWTHs0wye,member67,"2021-12-01 16:49:12","2021-12-01 16:49:12",1
user68,$2a$10$OFRjtec7UwNspjAY0nqPkua08HU2AbY24DtW3mqLxh7hlKQ82viOq,member68,"2021-12-01 16:49:13","2021-12-01 16:49:13",1
user69,$2a$10$Nt9cnovMPE8rjBo0abK9SORke9PaUKPXINCYA3ChZzCrt1K7uh5Qa,member69,"2021-12-01 16:49:13","2021-12-01 16:49:13",1
user7,$2a$10$qWpffhtSM3XJXikzBqg9WOcLlafDzMDVSeJLHkhuzAsjqbNseS0qm,member7,"2021-12-01 16:49:07","2021-12-01 16:49:07",1
user70,$2a$10$X2YcbnLWV60.9l4XqUhXZe5Q0n02LRQVZpkQ0FJEaI6EBWloW/12a,member70,"2021-12-01 16:49:13","2021-12-01 16:49:13",1
user71,$2a$10$YTukS2tpU4EB2/gQJ.K19uDtoZ2UHiVaNAUike0HqptOT5tt6FvOC,member71,"2021-12-01 16:49:13","2021-12-01 16:49:13",1
user72,$2a$10$SGQOhGiPU7f8qd8HleGn.urd8QoQYerOe/QHYrFqk.S2qt0PH/zFK,member72,"2021-12-01 16:49:13","2021-12-01 16:49:13",1
user73,$2a$10$kO26m.23WYUPCz7q.S1w9OqcLbFJmRRUQYTJmvp/hEs8RJq39vPrS,member73,"2021-12-01 16:49:13","2021-12-01 16:49:13",1
user74,$2a$10$kb1iHAw9f.lRZflPWEU7eeaqovAuGJI3YtRkqNZqaK5.4kmF32HCy,member74,"2021-12-01 16:49:13","2021-12-01 16:49:13",1
user75,$2a$10$UApJDBIvGfdvp36a77goTu.wa61f9AssGubEb2hNRpETpgk/i/ybK,member75,"2021-12-01 16:49:13","2021-12-01 16:49:13",1
user76,$2a$10$u5kKey5GJCRwNIb691ij.eHTB3eGVdNeAThyLvdXlwQdejrKcLYpW,member76,"2021-12-01 16:49:13","2021-12-01 16:49:13",1
user77,$2a$10$481MN6bgH/NmjK6ZlDRHSOpZsLmANpfc1/LJjy142EzPW6GISPO0u,member77,"2021-12-01 16:49:13","2021-12-01 16:49:13",1
user78,$2a$10$6XJrw.ZR1V4QuuhHg1LAVuK7pCrChK1ijuuDIHfGt1LxG7WM6vNXC,member78,"2021-12-01 16:49:13","2021-12-01 16:49:13",1
user79,$2a$10$AHMwMenkqFFDKgvHDs7Q8OcAfIc0dYfN1HBpyGPV.nRf2kUA/I3CO,member79,"2021-12-01 16:49:13","2021-12-01 16:49:13",1
user8,$2a$10$Y7exw11mcr236O96E13xUeELNVyoO3XgGaFOXLLDe2brkZwrAaTFy,member8,"2021-12-01 16:49:07","2021-12-01 16:49:07",1
user9,$2a$10$cjF.FW5qVOYee4QQi5UEv.w.MPmyoJH2j07y6P5yINNjYrsOpUIdm,member9,"2021-12-01 16:49:07","2021-12-01 16:49:07",1
